{
  "name": "시설명",
  "city1": "시도명",
  "city2": "시군구명",
  "city2Code": "시군구코드",
  "addressNew": "소재지도로명주소",
  "addressOld": "소재지지번주소",
  "latitude": "위도",
  "longitude": "경도",
  "addressDetail": "설치장소설명",
  "weekdayOpen": "평일운영시작시각",
  "weekdayClose": "평일운영종료시각",
  "saturdayOpen": "토요일운영시작시각",
  "saturdayClose": "토요일운영종료시각",
  "holidayOpen": "공휴일운영시작시각",
  "holidayClose": "공휴일운영종료시각",
  "chargerCount": "동시사용가능대수",
  "chargeAirYn": "공기주입가능여부",
  "chargePhoneYn": "휴대전화충전가능여부",
  "callNumber": "관리기관전화번호",
  "updatedDate": "데이터기준일자"
}